{"cameraMode":{"drawMode":0,"name":"Shaded","section":"Shading Mode"},"sceneLighting":true,"audioPlay":false,"sceneViewState":{"showFog":true,"showMaterialUpdate":false,"showSkybox":true,"showFlares":true,"showImageEffects":true,"showParticleSystems":true},"in2DMode":false,"pivot":{"x":0.7471354603767395,"y":0.9630270600318909,"z":-0.33034950494766238},"rotation":{"x":0.18207481503486634,"y":-0.047181520611047748,"z":0.008747011423110962,"w":0.9821141362190247},"size":8.919391632080079,"orthographic":false}